english,korean
"Lately, using large language models has become a really hot trend in IT.","요즘 IT 분야에서는 LLM을 활용한 개발이 굉장히 핫한 트렌드입니다."
"I’ve been working on the EDISON platform for science and engineering researchers.","저는 이공계 연구자들을 위한 EDISON 플랫폼을 개발하고 있습니다."
"It helps researchers run simulations on HPC resources through a web-based system.","이 플랫폼은 연구자들이 웹에서 HPC 자원을 활용해 시뮬레이션을 돌릴 수 있도록 돕습니다."
"Recently, I started building a feature that uses an LLM for data analysis.","최근에는 LLM을 이용해 데이터 분석을 도와주는 기능을 만들고 있습니다."
"The key idea is that users can just type their requests in a chat window, even without SQL or Python.","SQL이나 파이썬을 몰라도 채팅창에 말로 요청할 수 있다는 게 핵심 아이디어입니다."
"The LLM converts the request into SQL, runs it, and shows the results and charts.","LLM이 그 요청을 SQL로 바꿔 실행하고, 결과와 차트까지 보여줍니다."
"One day, I tested it with a more complex question, like asking to show a trend over time.","어느 날, 시간에 따른 추세를 보여 달라는 비교적 복잡한 질문으로 테스트해 봤습니다."
"Since we were using a local model, it didn’t really understand those concepts.","하지만 로컬 모델을 사용하다 보니 그런 개념을 제대로 이해하지 못했습니다."
"In particular, it couldn’t translate ideas like comparison or trends into proper SQL.","특히 비교나 추세 같은 분석 개념을 SQL로 잘 바꾸지 못했습니다."
"So I checked the logs to see why this was happening.","그래서 로그를 보면서 왜 이런 문제가 생기는지 확인해 봤습니다."
"That’s when I realized this was a clear limitation of a local model.","그때 아, 이건 로컬 모델의 한계구나 하는 생각이 들었습니다."
"I realized this kind of feature wouldn’t work well without serious tuning.","결국 이런 기능은 제대로 쓰려면 튜닝 없이는 어렵겠다고 느꼈습니다."
"This experience helped me set more realistic expectations about LLMs.","이 경험 덕분에 LLM을 조금 더 현실적으로 바라보게 됐습니다."
